{"cameraMode":{"drawMode":0,"name":"Shaded","section":"Shading Mode"},"sceneLighting":false,"audioPlay":false,"sceneViewState":{"m_AlwaysRefresh":false,"showFog":true,"showSkybox":false,"showFlares":true,"showImageEffects":true,"showParticleSystems":true,"showVisualEffectGraphs":true,"m_FxEnabled":true},"in2DMode":false,"pivot":{"x":-1.3529717922210694,"y":13.747279167175293,"z":-2.898118734359741},"rotation":{"x":-0.6379494071006775,"y":-0.16080109775066377,"z":0.13857868313789369,"w":-0.7402473092079163},"size":0.000017320508050033823,"orthographic":false}