{"cameraMode":{"drawMode":0,"name":"Shaded","section":"Shading Mode"},"sceneLighting":false,"audioPlay":false,"sceneViewState":{"m_AlwaysRefresh":false,"showFog":true,"showSkybox":false,"showFlares":true,"showImageEffects":true,"showParticleSystems":true,"showVisualEffectGraphs":true,"m_FxEnabled":true},"in2DMode":false,"pivot":{"x":-0.052057504653930667,"y":0.0005872249603271484,"z":-0.033242225646972659},"rotation":{"x":-0.4748736023902893,"y":0.037467654794454578,"z":-0.02023959532380104,"w":-0.8790295124053955},"size":2.833968162536621,"orthographic":false}