{"cameraMode":{"drawMode":0,"name":"Shaded","section":"Shading Mode"},"sceneLighting":false,"audioPlay":false,"sceneViewState":{"m_AlwaysRefresh":false,"showFog":true,"showSkybox":false,"showFlares":true,"showImageEffects":true,"showParticleSystems":true,"showVisualEffectGraphs":true,"m_FxEnabled":true},"in2DMode":false,"pivot":{"x":-6.145020961761475,"y":11.317997932434082,"z":-8.669502258300782},"rotation":{"x":-0.15199388563632966,"y":-0.4308425784111023,"z":0.07386980205774307,"w":-0.8864660263061523},"size":0.008401413448154927,"orthographic":false}