{"cameraMode":{"drawMode":0,"name":"Shaded","section":"Shading Mode"},"sceneLighting":false,"audioPlay":false,"sceneViewState":{"m_AlwaysRefresh":false,"showFog":true,"showSkybox":false,"showFlares":true,"showImageEffects":true,"showParticleSystems":true,"showVisualEffectGraphs":true,"m_FxEnabled":true},"in2DMode":false,"pivot":{"x":0.5323069095611572,"y":9.543992042541504,"z":-6.232583999633789},"rotation":{"x":-0.4748736023902893,"y":0.037467654794454578,"z":-0.02023959532380104,"w":-0.8790295124053955},"size":0.000017320508050033823,"orthographic":false}