{"cameraMode":{"drawMode":0,"name":"Shaded","section":"Shading Mode"},"sceneLighting":false,"audioPlay":false,"sceneViewState":{"m_AlwaysRefresh":false,"showFog":true,"showSkybox":false,"showFlares":true,"showImageEffects":true,"showParticleSystems":true,"showVisualEffectGraphs":true,"m_FxEnabled":true},"in2DMode":false,"pivot":{"x":-0.01955467462539673,"y":0.2809598445892334,"z":-0.0228346586227417},"rotation":{"x":-0.5755853652954102,"y":-0.17385415732860566,"z":0.12684094905853272,"w":-0.7889193296432495},"size":1.6706225872039796,"orthographic":false}